﻿<parameters>
  <parameter name="IIS Web Application Name" defaultValue="IT-Apex" tags="IisApp">
    <parameterEntry kind="ProviderPath" scope="IisApp" match="^C:\\Users\\Vedika\ Utekar\\Desktop\\ITApex\ website\\ITApexWebsite\\ITApexWebsite\\obj\\Release\\Package\\PackageTmp$" />
    <parameterEntry kind="ProviderPath" scope="setAcl" match="^C:\\Users\\Vedika\ Utekar\\Desktop\\ITApex\ website\\ITApexWebsite\\ITApexWebsite\\obj\\Release\\Package\\PackageTmp$" />
  </parameter>
  <parameter name="Add write permission to App_Data Folder" description="Add write permission to App_Data folder" defaultValue="{IIS Web Application Name}/App_Data" tags="Hidden">
    <parameterEntry kind="ProviderPath" scope="setAcl" match="^C:\\Users\\Vedika\ Utekar\\Desktop\\ITApex\ website\\ITApexWebsite\\ITApexWebsite\\obj\\Release\\Package\\PackageTmp\\App_Data$" />
  </parameter>
  <parameter name="DbITApexEntities-Web.config Connection String" description="DbITApexEntities Connection String used in web.config by the application to access the database." defaultValue="metadata=res://*/Models.ITApexModel.csdl|res://*/Models.ITApexModel.ssdl|res://*/Models.ITApexModel.msl;provider=System.Data.SqlClient;provider connection string=&quot;data source=(LocalDB)\MSSQLLocalDB;attachdbfilename=|DataDirectory|\DbITApex.mdf;integrated security=True;MultipleActiveResultSets=True;App=EntityFramework&quot;" tags="SqlConnectionString">
    <parameterEntry kind="XmlFile" scope="C:\\Users\\Vedika\ Utekar\\Desktop\\ITApex\ website\\ITApexWebsite\\ITApexWebsite\\obj\\Release\\Package\\PackageTmp\\Web\.config$" match="/configuration/connectionStrings/add[@name='DbITApexEntities']/@connectionString" />
  </parameter>
</parameters>